{
    "rmse": 0.6793428573405995,
    "mae": 0.5333696278109937,
    "r2": 0.30042278281446466
}